,id,date,dailyVolumeETH,dailyVolumeUSD,dailyVolumeUntracked,totalVolumeUSD,totalLiquidityUSD,mostLiquidTokens,txCount
0,18387,1588636800,0.0,0.0,0.0054656964463463,0,0.989,[],3
1,18388,1588723200,0.0,0.0,0.0015296117808232,0,3.205901078245612,[],8
2,18389,1588809600,0.0,0.0,0.0,0,3.2059043208171025,[],10
3,18390,1588896000,0.0,0.0,0.0,0,18.815672405471304,[],18
4,18393,1589155200,0.0,0.0,0.1984747449863082,0,18.75575726469835,[],21
5,18394,1589241600,0.0,0.0,1.54356395670251,0,14.133879986083551,[],33
6,18395,1589328000,0.0,0.0,15.474948029085231,0,231.95512434815237,[],45
7,18396,1589414400,0.0,0.0,52.70402198821616,0,314.3108566667042,[],84
8,18397,1589500800,0.0,0.0,575.0687271353567,0,757.3190631929863,[],127
9,18398,1589587200,0.0,0.0,121.87869670085446,0,887.7901627703701,[],140
10,18399,1589673600,0.0,0.0,30.299337441595597,0,1140.4139045794443,[],150
11,18400,1589760000,0.0,0.0,126335.19691021934,0,1274553.968036319,[],1272
12,18401,1589846400,180.16972605494192,38046.08279573812,1338456.883803504,0,4653179.148398675,[],7104
13,18402,1589932800,1191.62375330862,250868.9786409113,1374516.9255894704,0,11029530.025922718,[],12419
14,18403,1590019200,2427.8844993285,484247.50735679833,1282816.7438940494,0,10804628.660420908,[],16278
15,18404,1590105600,1700.4323185159199,345799.2098251618,1333217.9308510143,0,14325076.416697836,[],21310
16,18405,1590192000,1434.864573536069,297187.985685404,1432355.1614016534,0,15019692.802295033,[],26813
17,18406,1590278400,2849.536761796661,592574.4187574119,1334284.9112291604,0,14662086.967402114,[],31756
18,18407,1590364800,1283.48710027785,259997.64354590635,1058241.152940036,0,15143861.191013595,[],36871
19,18408,1590451200,1704.0159368599864,341621.0455902897,1398411.6315074945,0,15115680.086981239,[],44537
20,18409,1590537600,1420.7017637069705,291084.42305211467,1179318.9095963633,0,15758985.577237863,[],50083
21,18410,1590624000,2793.1941167338427,590599.9952291688,1432223.269303694,0,16489302.589897772,[],55112
22,18411,1590710400,6767.782238615009,1509136.7357076097,2511240.9888934097,0,17170617.960196774,[],60842
23,18412,1590796800,5321.776149602894,1244635.9956744714,1949473.7313421825,0,22804649.48538441,[],65971
24,18413,1590883200,4740.548334706613,1121430.564857198,2607328.4859727495,0,21925534.296932776,[],74153
25,18414,1590969600,5503.827077801215,1318285.8744959324,2566250.2934205276,0,23850510.420260955,[],82151
26,18415,1591056000,7910.691329498091,1900322.269080958,3222274.549706039,0,23612283.33741283,[],90119
27,18416,1591142400,4344.432731138984,1039106.394954851,3542654.778460866,0,24442060.564949855,[],101460
28,18417,1591228800,4575.658261710008,1109304.0353377713,2652589.639544682,0,24450309.295804948,[],111061
29,18418,1591315200,3931.968542964588,949848.4938664434,2558156.203270104,0,24908974.026662517,[],120396
30,18419,1591401600,4006.0850218858154,962560.2956703705,3410591.6285569724,0,25378138.379630025,[],130880
31,18420,1591488000,5468.486596027701,1313947.4999442413,4303620.379257375,0,26051204.80134944,[],142620
32,18421,1591574400,6889.443321098545,1668961.8703909807,4902956.512756869,0,25135723.978982802,[],155506
33,18422,1591660800,13026.939287961208,3157435.2280620206,6091173.267991621,0,27582094.868639074,[],168286
34,18423,1591747200,10143.692933873135,2467230.8550364617,5402138.457799816,0,27915763.740189046,[],180331
35,18424,1591833600,20144.8648669076,4839095.476555666,21324222.135545094,0,26712141.975474738,[],192003
36,18425,1591920000,6724.441682321175,1579740.286965294,6301465.653675232,0,28335733.544561896,[],204399
37,18426,1592006400,5991.028649900972,1418871.906819682,4580188.042119746,0,28860160.689098764,[],215631
38,18427,1592092800,5237.446854552343,1224525.983167024,3502721.701141064,0,27865413.166793007,[],225716
39,18428,1592179200,22040.32869538725,4958816.581208097,20617186.18216664,0,32648286.882892232,[],237639
40,18429,1592265600,13674.793619905327,3165249.121357308,6652970.076170615,0,33397529.476930466,[],252613
41,18430,1592352000,222233.54930360636,51186700.02758506,10555152765.093851,0,33770036.75596696,[],265899
42,18431,1592438400,131014.50103503784,30157969.40589541,4462616230.788119,0,36036436.74851077,[],282343
43,18432,1592524800,137609.4096631392,31332805.105295513,4297592046.943906,0,36304247.507492326,[],300889
44,18433,1592611200,27701.86335198207,6276776.810766834,10171215.463946609,0,37512301.62099255,[],319161
45,18434,1592697600,51376.20654291902,11744645.26068259,17273971.701377675,0,34820980.97955848,[],344859
46,18435,1592784000,52979.06071599068,12534928.53022864,18963009.05496363,0,37744651.88071115,[],370577
47,18436,1592870400,46483.93168080665,11369317.08081296,17588541.833460428,0,39018142.168758005,[],393733
48,18437,1592956800,43718.81030498988,10414574.961902244,19519493.16961368,0,35007735.17577471,[],420030
49,18438,1593043200,63884.1047791517,14839110.563221307,20008832.47336273,0,33024210.794735864,[],443495
50,18439,1593129600,51497.436265227145,11842435.598122088,17961691.765160296,0,34083242.796283536,[],469782
51,18440,1593216000,55240.39246576328,12477834.749295682,17792238.88425535,0,35007427.469837815,[],495026
52,18441,1593302400,32489.17873011993,7242226.663779235,13744095.352910964,0,36070565.24158174,[],520964
53,18442,1593388800,46264.988334686954,10362642.174230205,15187486.897272613,0,39147419.148856334,[],546846
54,18443,1593475200,43954.47294625229,9899112.543589223,13902676.14458028,0,41228806.62875165,[],568658
55,18444,1593561600,58505.28359985306,13235159.380119352,17891114.449591085,0,44263527.4459452,[],595202
56,18445,1593648000,66556.33640367487,15048457.3543646,20281949.96545267,0,42126488.49152744,[],624677
57,18446,1593734400,58645.73361980913,13153208.062650066,19990071.180254985,0,42319921.578147694,[],659616
58,18447,1593820800,40403.399748111915,9072502.165199885,15902519.751129003,0,43250568.72805395,[],694581
59,18448,1593907200,34850.46567330115,7830160.5031737,14650582.134083223,0,44228644.390232325,[],728875
60,18449,1593993600,43933.65929031934,10229539.223083572,17215058.378104493,0,46994407.21840321,[],761615
61,18450,1594080000,37218.62865248919,8814589.564116452,15428540.111517372,0,48089679.07610272,[],794336
62,18451,1594166400,55302.732965702555,13377561.584469384,20404425.692374773,0,52934211.38952396,[],829155
63,18452,1594252800,67444.52194710932,16307568.11288974,22552551.61654776,0,57987434.12034137,[],862671
64,18453,1594339200,63991.08409561648,15183316.397652252,20071978.600097984,0,57554450.7399288,[],895504
65,18454,1594425600,71338.22606193396,16975695.651039537,21556461.901902266,0,61112860.48241779,[],924355
66,18455,1594512000,101957.54326123824,24242082.575193875,29485858.98339662,0,62899079.784833126,[],957241
67,18456,1594598400,170663.4214234796,41127410.39359431,47585475.2568027,0,63251278.37868732,[],997666
68,18457,1594684800,95627.64879233262,22752133.086975552,27632351.209947255,0,65487660.89871152,[],1027410
69,18458,1594771200,103205.4567438268,24522542.117378123,29628841.390316263,0,69151180.43476394,[],1056558
70,18459,1594857600,95959.70232445904,22297678.97440824,27970015.267828524,0,73915518.00551315,[],1085101
71,18460,1594944000,157963.90644977265,36627200.062801994,43440880.09918836,0,78303207.87651607,[],1125456
72,18461,1595030400,160884.05529147005,37473255.37319175,45826671.816308975,0,81133072.61924082,[],1168808
73,18462,1595116800,155738.30738627503,36369103.49404724,49363777.008689836,0,87421688.32004066,[],1221239
74,18463,1595203200,184902.75953757635,43793966.167036675,57442997.74148855,0,86912474.6809136,[],1272189
75,18464,1595289600,186641.01374294527,44970349.96825036,56275763.98340965,0,92334982.44098744,[],1321246
76,18465,1595376000,218905.01233147227,53855098.367425404,67326869.83373402,0,95317421.92790912,[],1373931
77,18466,1595462400,230781.2323204961,61389083.353381045,73092641.65463232,0,99630803.78701024,[],1424174
78,18467,1595548800,224297.64559127553,61508740.15725413,76526546.23066352,0,108275550.04223014,[],1478665
79,18468,1595635200,297059.330134457,85029056.61613093,103458109.4245275,0,126667689.25807665,[],1540191
80,18469,1595721600,298242.8352417974,91366557.69540572,108577124.74293695,0,135311595.84209704,[],1601414
81,18470,1595808000,379149.82896438154,121947686.12779596,143263867.57875296,0,143633269.2954145,[],1667018
82,18471,1595894400,254660.49978067775,80368942.10480423,96749718.9564817,0,144754211.54002002,[],1722212
83,18472,1595980800,287362.6986052874,91026691.33999592,109792299.20354743,0,141334131.58102947,[],1784752
84,18473,1596067200,354529.52169022226,112485532.68510072,129892769.138802,0,141945870.42044416,[],1852024
85,18474,1596153600,317206.3990502193,107058142.6948724,129405157.02436204,0,151853908.72513112,[],1936328
86,18475,1596240000,243097.77203325328,87169571.74065542,108854954.06660809,0,170021688.15632197,[],2008437
87,18476,1596326400,210740.26860559167,79203153.16888192,94840433.21037523,0,160305044.03907347,[],2066140
88,18477,1596412800,193932.57260131097,74710425.90698078,95511558.56627949,0,173454249.64950618,[],2134947
89,18478,1596499200,189448.3937251388,73637769.19133817,91539996.3134068,0,179890793.82294545,[],2203646
90,18479,1596585600,161447.4983380281,63357952.69160543,88287625.07103755,0,187698717.95549592,[],2276420
91,18480,1596672000,170657.821475391,67398943.07465476,90189438.18070872,0,192848785.20801467,[],2347999
92,18481,1596758400,273113.71335197974,104808969.29240032,135886057.171549,0,199910842.95531,[],2439424
93,18482,1596844800,271365.2704766446,104331084.22959012,138190702.8863603,0,214765081.2403908,[],2539025
94,18483,1596931200,302155.82852115354,117812450.48802675,164639179.86793217,0,221720086.51206708,[],2656671
95,18484,1597017600,480044.8588888156,193357472.47451836,246319112.78087527,0,228329167.1021987,[],2780464
96,18485,1597104000,381906.0805514362,146898572.53358725,186388529.00183913,0,234843106.61060056,[],2896228
97,18486,1597190400,627311.9561690827,238234901.29140693,296853360.07851267,0,291950348.1074753,[],3018048
98,18487,1597276800,626504.459129646,245038626.33164433,285006899.4467884,0,275424161.20359594,[],3125821
99,18488,1597363200,398169.0557480346,170342877.03730473,222384818.66890988,0,266207197.28397024,[],3231829
100,18489,1597449600,342738.5914205252,149100194.9363764,189804955.18540648,0,271542457.85433495,[],3331681
101,18490,1597536000,357441.1578626304,152527582.69462883,191113072.48502475,0,273377195.886548,[],3448746
102,18491,1597622400,381498.498002183,164134108.594953,199305866.3562194,0,272635035.58570874,[],3558206
103,18492,1597708800,489219.56766958296,208431565.0574648,257015720.35226685,0,295587149.8223939,[],3689916
104,18493,1597795200,473172.0251447909,193692626.482759,227693775.79934788,0,307269112.7967763,[],3801308
105,18494,1597881600,490467.8167097448,201266205.93792364,247581135.60507727,0,298284850.42094105,[],3925423
106,18495,1597968000,552579.9625518023,223719947.5829093,277430708.7816459,0,270385459.6588152,[],4053003
107,18496,1598054400,355431.2975372435,138001432.88509196,185571017.82412428,0,286499943.78913313,[],4168155
108,18497,1598140800,317856.437710157,123940422.65338784,172924789.27032977,0,288331462.6065028,[],4294035
109,18498,1598227200,417411.6346320242,166662454.2305592,215572478.99935827,0,303055932.0335492,[],4430850
110,18499,1598313600,420661.511824797,163349457.12909713,208005244.28215095,0,290831042.79927164,[],4552481
111,18500,1598400000,465685.39342141856,179149552.27571467,218174957.1107,0,307997536.245366,[],4680036
112,18501,1598486400,370121.9580855729,141164818.5737461,181854022.7735478,0,307608887.6103324,[],4796249
113,18502,1598572800,531236.5178424794,207807264.4129975,247910221.6196668,0,520438147.8161752,[],4923021
114,18503,1598659200,752282.2731895926,299746454.11157066,342298052.44821465,0,636450250.1474628,[],5072000
115,18504,1598745600,1226114.0037440178,502833582.42746645,559373965.2235221,0,937243780.0935085,[],5253176
116,18505,1598832000,1362100.4057626568,585359604.5211177,637090102.6755352,0,1372699891.1977737,[],5431213
117,18506,1598918400,2058122.3289916208,953587764.8661315,1018688365.3444616,0,1951875081.122476,[],5617769
118,18507,1599004800,2057491.4338383607,934740761.1109587,1026058955.1117748,0,1916371778.0097947,[],5810061
119,18508,1599091200,2054680.0853070975,859738318.0475495,939594900.0628992,0,1782857778.598692,[],5997105
120,18509,1599177600,1510314.7235003856,581979884.60988,633009218.0271456,0,1960374158.728608,[],6151651
121,18510,1599264000,2354858.429802854,829799711.3839526,878733348.274216,0,1239325978.5972047,[],6307105
122,18511,1599350400,1847539.0343103677,631079294.2297382,6528876166.244944,0,1619656305.2593887,[],6454448
123,18512,1599436800,1286117.4539364057,439468429.8317833,482056176.1618308,0,1719625560.05476,[],6591029
124,18513,1599523200,1120049.8143668529,379227867.89253485,2641575892.790001,0,1570234423.74629,[],6724678
125,18514,1599609600,1245396.2252370715,428506946.8284904,466995941.984724,0,518148235.20245326,[],6860318
126,18515,1599696000,1126561.9473784023,409466421.8579634,459255812.96501255,0,1070554797.8447756,[],7002771
127,18516,1599782400,865124.7761993363,313101833.8964041,360870075.2032658,0,754425203.5735847,[],7140751
128,18517,1599868800,825438.9004597581,306357022.34116316,351213995.733246,0,702141892.7784382,[],7292158
129,18518,1599955200,1097688.0592355859,405845173.33869547,467188298.7329348,0,1054600411.7217116,[],7439968
130,18519,1600041600,1271267.9940270176,468278241.60442525,527962909.9516313,0,1120351107.1470785,[],7601404
131,18520,1600128000,1074717.3291425293,396960687.95199794,454140566.47523695,0,951963235.8615502,[],7767082
132,18521,1600214400,981845.4435806429,355975612.3761654,414111169.711664,0,916622034.2086797,[],7925014
133,18522,1600300800,1527067.3347442653,582878441.5090518,618089872.7250426,0,1399178939.9828172,[],8084020
134,18523,1600387200,1619397.725316733,617164437.9103655,667149391.5984181,0,1908368639.2581732,[],8266539
135,18524,1600473600,1229005.9937631786,469105606.2098791,540292842.7559797,0,2133980088.937688,[],8450499
136,18525,1600560000,999485.5758048749,373934283.82766193,434967162.34949625,0,2157183491.010109,[],8626124
137,18526,1600646400,1280595.3492456062,449626743.12538457,512763301.0982856,0,1970948884.8700907,[],8793708
138,18527,1600732800,921392.8157949708,314225123.2094177,379940785.5688943,0,1991305267.3694944,[],8978508
139,18528,1600819200,1018795.1241850659,339701177.27470034,401898741.6046947,0,1906147555.6652155,[],9159727
140,18529,1600905600,778071.3155706401,260116672.65957063,316440120.565836,0,2087440168.6511476,[],9320570
141,18530,1600992000,695974.2190106022,241210759.70918384,294185143.81056577,0,2130815393.324028,[],9489685
142,18531,1601078400,652777.3187022781,229387996.12058905,277054282.3417284,0,2189263324.690773,[],9654026
143,18532,1601164800,823367.3608438205,292024513.8533001,339465078.77557725,0,2228795009.5743747,[],9820089
144,18533,1601251200,782349.9429971126,281159580.15664536,339293289.199983,0,2277040800.958547,[],9991305
145,18534,1601337600,1003240.2444703026,354333085.5702448,404003491.7163359,0,2318825276.842966,[],10160787
146,18535,1601424000,746362.6453787702,264900309.3789116,309682161.5522017,0,2399844585.134516,[],10323678
147,18536,1601510400,1023564.6846011444,365097426.1289604,406240216.2942856,0,2417777667.163419,[],10490160
148,18537,1601596800,1279769.42741013,438869497.67534494,481082270.1909097,0,2395190418.494782,[],10660052
149,18538,1601683200,765091.2258627914,264989053.4235504,320791113.74242306,0,2440433487.072365,[],10831116
150,18539,1601769600,841874.8202743361,292176299.58757246,362649101.1329953,0,2470945819.963632,[],11028139
151,18540,1601856000,714107.2092768156,250755805.8113172,319777850.41743684,0,2495394378.4738727,[],11229668
152,18541,1601942400,1193511.3832391507,412127415.4160108,470154321.4729551,0,2412707107.3092127,[],11437003
153,18542,1602028800,951936.273127636,321807581.2330395,372526246.9071817,0,2432532790.6407924,[],11612006
154,18543,1602115200,891436.1459925226,306299782.3830147,365256458.93955094,0,2564611072.488585,[],11782125
155,18544,1602201600,744452.2266633089,265800089.49506128,322219376.835326,0,2680119427.487508,[],11946818
156,18545,1602288000,626492.6874069364,233287470.15603927,290401152.22538054,0,2791544711.590758,[],12108955
157,18546,1602374400,513849.6026452913,191261050.41591913,240921709.99395433,0,2884189190.7273393,[],12263813
158,18547,1602460800,679538.3496203586,257743940.58323127,313914911.021718,0,2912014112.6718826,[],12433213
159,18548,1602547200,530709.3245382407,202117760.610514,252304790.992602,0,2869853122.8069253,[],12594775
160,18549,1602633600,571016.1058591192,216330563.137386,259816517.10354927,0,2988045162.9378505,[],12743955
161,18550,1602720000,581419.9708294418,218528878.2740116,260500630.82552376,0,3029384251.4038925,[],12887977
162,18551,1602806400,500224.9707636224,184340099.44610444,223238158.33003056,0,2923304051.034725,[],13021054
163,18552,1602892800,369023.8955806669,135150987.06205413,172426767.57187137,0,2922963144.2925186,[],13159104
164,18553,1602979200,383069.3607798634,142536540.5636438,179823624.5454747,0,2978223456.315812,[],13297834
165,18554,1603065600,428878.9534360692,161626747.64653134,210922743.1729312,0,2999032246.033659,[],13471141
166,18555,1603152000,527099.684294029,196065945.0453448,240581636.31397623,0,2917072068.4901347,[],13627967
167,18556,1603238400,713207.2773405096,274714346.6144682,321517009.653662,0,2959303815.997625,[],13783890
168,18557,1603324800,576087.1382475612,234055912.8082492,274346891.884242,0,2953195914.2828455,[],13927002
169,18558,1603411200,511191.7166477511,209934623.88830727,251800313.4246536,0,2840686438.162389,[],14072564
170,18559,1603497600,316917.2465158197,130394813.3413628,162241741.44859508,0,2928663017.297647,[],14204578
171,18560,1603584000,362731.2427089845,148218689.2401536,182885546.01957604,0,2970058069.937109,[],14339812
172,18561,1603670400,5362827.76700734,2186995122.59242,2225657875.1551313,0,2991066558.810916,[],14491903
173,18562,1603756800,486810.46684575966,194414960.3674372,230850066.1853875,0,3045274370.322033,[],14639949
174,18563,1603843200,987736.3266505891,385042473.2250404,422057419.525229,0,2960554006.5298743,[],14816317
175,18564,1603929600,827644.1165095007,321120296.99543667,361105742.2387799,0,2927337476.4032726,[],14998036
176,18565,1604016000,875430.0961171127,333904545.04100907,373362652.6315122,0,2911503162.5277686,[],15164117
177,18566,1604102400,565535.0214096572,218318748.05139604,253807754.21539208,0,2986486848.5204086,[],15321410
178,18567,1604188800,402194.6004404425,156264802.69892383,198266086.85925215,0,3005262445.988328,[],15477188
179,18568,1604275200,527846.568968005,205837745.28986463,246509788.22605088,0,2886130662.929654,[],15629705
180,18569,1604361600,557823.8906366759,211277062.02641112,245219728.2807424,0,2863897332.232401,[],15773554
181,18570,1604448000,570359.3502882333,222743651.90414307,253303405.98069793,0,2936498153.757184,[],15906962
182,18571,1604534400,706141.3854101856,287866490.9147965,321202061.49530053,0,2981025160.296372,[],16045422
183,18572,1604620800,807830.3533961963,353091514.6366875,797581010.3117172,0,3087776140.1322994,[],16177667
184,18573,1604707200,902556.040738079,405550496.3281552,432993642.7907683,0,3008206770.805079,[],16306729
185,18574,1604793600,436740.65336103446,194745953.54882887,223428680.79679608,0,3102172380.3733764,[],16426569
186,18575,1604880000,540143.5967901682,241667695.8637598,277198663.5324873,0,3206689524.857964,[],16561150
187,18576,1604966400,503149.06233174814,225087481.89459237,264664439.27917367,0,3239244467.0797,[],16705509
188,18577,1605052800,503994.549369378,233224092.496546,261973802.61111617,0,3315712480.961713,[],16821924
189,18578,1605139200,489691.0118721985,224834050.11735696,252711443.04388735,0,3274636232.795256,[],16939987
190,18579,1605225600,530492.6554545681,247705509.92565632,279707426.8220038,0,3361836517.95036,[],17078666
191,18580,1605312000,865669.5480130154,395867935.43489385,422906633.24240655,0,3309699924.062937,[],17202873
192,18581,1605398400,494186.7018289725,223879415.6513684,259345309.79167488,0,3192155743.8185854,[],17345410
193,18582,1605484800,603821.5449461079,275380246.5257859,307107381.1643014,0,3035143313.1005516,[],17490242
194,18583,1605571200,841821.7534815851,392268754.8398048,435084065.0653656,0,1745831100.857048,[],17642479
195,18584,1605657600,600496.7057718234,287037735.290345,330191031.2126794,0,1634824205.7548995,[],17773121
196,18585,1605744000,534606.9823404306,253310961.83779287,288752899.0396541,0,1605114049.9315405,[],17918493
197,18586,1605830400,603994.1068361903,300224530.76985323,336826276.40414876,0,1675581471.4878397,[],18063880
198,18587,1605916800,713936.731461565,375943734.0819671,413309773.3842558,0,1693917108.2054794,[],18222057
199,18588,1606003200,809765.9681090637,442888548.03225166,2.7199135894137635e+20,0,1723471805.366473,[],18380042
200,18589,1606089600,644672.5192374501,378486996.01455486,473807613.7542504,0,1792133756.675269,[],18532719
201,18590,1606176000,700796.9489316797,425319795.5031116,543064792.4961829,0,1706004626.8269436,[],18673692
202,18591,1606262400,503848.26901733415,296133987.75208074,380479148.6491161,0,1630388650.2614577,[],18812478
203,18592,1606348800,1409892.6339636468,717162523.4608257,806629171.914924,0,1522949805.8477879,[],18938304
204,18593,1606435200,441055.314722344,226181702.05025315,316119072.2382064,0,1586039117.5575006,[],19061119
205,18594,1606521600,333956.3635705945,175112139.62678555,272939495.8738525,0,1623594892.518803,[],19179464
206,18595,1606608000,351676.7760149894,193454443.93928325,5205399489.908465,0,1678876450.3004224,[],19303942
207,18596,1606694400,528961.3484507347,313542132.95577747,438223267.63310814,0,1727558688.8183243,[],19432023
208,18597,1606780800,580168.8800529777,348384888.313922,437192749.32309985,0,1652703281.596434,[],19555304
209,18598,1606867200,437354.04181073856,258920295.00162473,335395352.84969544,0,1672462087.2284734,[],19698802
210,18599,1606953600,488477.573331164,295779902.4476984,431655604.113691,0,1717229108.355304,[],19860638
211,18600,1607040000,505272.11771711614,300303754.2715895,466239610.4599669,0,1585348675.5441208,[],20020015
212,18601,1607126400,443451.9776612136,260131036.60140568,404313376.6235626,0,1683938485.0099187,[],20172496
213,18602,1607212800,624814.0404131121,371805370.1183847,526279102.95429057,0,1685352127.294335,[],20360587
214,18603,1607299200,486059.86435347935,288029750.08779407,449401661.9038802,0,1675965648.320763,[],20549474
215,18604,1607385600,651403.5117058839,374535866.7993157,485533414.66665816,0,1584382182.9624212,[],20735908
216,18605,1607472000,621436.2724408538,346893644.0768338,556767506.5701567,0,1642402333.1750777,[],20924538
217,18606,1607558400,532401.8051094533,298647924.41819793,510216793.4013265,0,1576170863.6136055,[],21104630
218,18607,1607644800,538814.152025417,293822886.6526474,510764885.52317137,0,1555241297.6630185,[],21282026
219,18608,1607731200,406414.4994385945,226806450.68291283,911619429.5306576,0,1612951220.96607,[],21434350
220,18609,1607817600,383064.6197016017,222809588.7190329,1610967344.065254,0,1668114880.987702,[],21585510
221,18610,1607904000,409603.0341609361,239182278.81267864,531093886.36908394,0,1661506246.034258,[],21741999
222,18611,1607990400,485268.02201171586,284811413.9270177,497486788.1055839,0,1680754443.5687644,[],21900782
223,18612,1608076800,511446.26441550016,310071240.36684066,691366212.9202677,0,1737716722.8862367,[],22044169
224,18613,1608163200,2181545.218733179,997832807.6766921,1341895930.309056,0,1746867614.2998543,[],22176879
225,18614,1608249600,500023.1450274543,322593543.2269742,6443277271.655837,0,1774738475.0226169,[],22318048
226,18615,1608336000,527688.72266329,346453595.4273952,781776801.9465951,0,1787496172.7176044,[],22478661
227,18616,1608422400,517554.120655838,335305227.70099765,763029074.0393826,0,1761553851.9641871,[],22652384
228,18617,1608508800,695490.333326736,432693447.7963103,703201312.7846841,0,1776577204.3567235,[],22837696
229,18618,1608595200,638997.1891305903,392071410.6085358,19305860179185.4,0,1854127070.4366949,[],23010972
230,18619,1608681600,689089.9960630791,417761887.603655,755420649.4168445,0,1809013741.0277095,[],23155344
231,18620,1608768000,632637.0633966041,369885494.2688417,722967471.9243444,0,1920743476.1264887,[],23290806
232,18621,1608854400,565974.6360002987,348650999.6722984,3.048847394552772e+16,0,1944498863.7067647,[],23427057
233,18622,1608940800,540160.2488554299,341268056.8071331,800925260.7445688,0,1930139537.379344,[],23558492
234,18623,1609027200,741832.1891279862,492740183.424955,706514404.8277675,0,1963372935.0013747,[],23696311
235,18624,1609113600,612949.8061362925,442887937.91152257,692901755.0218656,0,2020836215.210924,[],23843394
236,18625,1609200000,764838.135751674,549896602.8931521,1917957993.2989411,0,2069862628.9469137,[],23987322
237,18626,1609286400,727128.7875374346,534413838.50783086,2022078740.2475152,0,2074880952.4386177,[],24122847
238,18627,1609372800,736182.9697646855,545177043.2946448,2037896675.990484,0,2162114168.7344184,[],24266380
239,18628,1609459200,673365.7667801653,495037034.93475133,1965027174.9719603,0,2152993561.6818657,[],24411314
240,18629,1609545600,734568.9678189111,552131361.4284785,4924758828.837817,0,2226885549.1370034,[],24553890
241,18630,1609632000,907735.0027475401,794629867.4769043,5300016541.734752,0,2552857902.0862155,[],24680740
242,18631,1609718400,997396.5239674483,1009680672.3239112,4634766692.634487,0,2745613113.618372,[],24785538
243,18632,1609804800,738804.6192346982,782551312.7384816,9165716692.850063,0,2917629853.358533,[],24904087
244,18633,1609891200,665969.8301497826,758628552.5271641,7291596816.241631,0,3125726437.915952,[],25018837
245,18634,1609977600,608835.619303652,741951482.5538579,13211958930.561224,0,3206846493.995482,[],25120678
246,18635,1610064000,687002.94828387,820815873.1591923,10966349666.31298,0,3214397727.852869,[],25225837
247,18636,1610150400,635921.2021180015,779005002.0160105,10987498797.089037,0,3306588537.685196,[],25347879
248,18637,1610236800,621449.1286769944,802902397.0368336,9467317943.434273,0,3201112229.7128344,[],25468352
249,18638,1610323200,1225692.2841018576,1298199616.6794124,7803719741.702701,0,2845519855.2980785,[],25564165
250,18639,1610409600,640437.1186306765,692443355.7199973,10718979446.142193,0,2833318880.8299446,[],25679511
251,18640,1610496000,534651.1370986779,570399311.3406938,7798561065.901111,0,3038143823.7893925,[],25794893
252,18641,1610582400,547620.5378627577,640605403.3918599,9154551973.018585,0,3196278397.063876,[],25928378
253,18642,1610668800,632877.9267078668,748939396.9632415,12810377217.670872,0,3137774830.3076286,[],26055858
254,18643,1610755200,579284.8253741604,707933139.3473321,8118228181.823295,0,3214791849.077745,[],26199415
255,18644,1610841600,545136.6346342827,667466484.5636965,8541354324.417092,0,3236378356.07198,[],26354425
256,18645,1610928000,563823.3734809231,691337609.0229001,11658326833.351427,0,3297483118.4542847,[],26520314
257,18646,1611014400,737747.2420346413,1008768657.6290166,13392791571.26326,0,3410284732.174813,[],26665482
258,18647,1611100800,580350.133430013,769832172.8477491,5119798031.608489,0,3447823722.7458677,[],26809651
259,18648,1611187200,740220.9164597102,913283712.9665464,9194909191.13492,0,2923939740.820937,[],26944541
260,18649,1611273600,728394.8299374926,858199697.9514782,8801522737.659668,0,3225425876.772384,[],27076630
261,18650,1611360000,536817.0068595218,666108814.1536456,13339729611.23488,0,3167283093.848592,[],27229249
262,18651,1611446400,580497.6633966096,767705046.376513,14283654718.386557,0,3531265629.6071105,[],27394801
263,18652,1611532800,648483.3319143231,909029690.3753088,916413013215.0579,0,3351733763.2792253,[],27552270
264,18653,1611619200,578166.2988425392,764980252.2082098,13212584432.724031,0,3435191486.2916136,[],27702452
265,18654,1611705600,618628.7405491108,788962261.9689318,12704235090.613804,0,3242548912.2354918,[],27854324
266,18655,1611792000,524181.44026956544,687787282.6498525,12155024706.392368,0,3384614844.1414256,[],28002899
267,18656,1611878400,751557.2556779924,1025187342.9364606,12252840533.105564,0,3446534371.370237,[],28139885
268,18657,1611964800,538134.1005602553,732611230.5941485,24056331155.86336,0,3484539974.8609214,[],28290059
269,18658,1612051200,547451.1323582417,731289978.4670885,3602287816.6469655,0,3367125932.1856966,[],28461980
270,18659,1612137600,616100.5229011026,816231293.6863843,30932213034.558006,0,3515864828.7308135,[],28629118
271,18660,1612224000,639938.8855765791,922666029.5178032,9414905735.294777,0,3672878011.6415343,[],28785336
272,18661,1612310400,554202.1262399098,874152304.9982054,9626010940.36024,0,3967035693.4409056,[],28945529
273,18662,1612396800,783883.1032559248,1290813273.935196,10146517300.565054,0,3863840513.878716,[],29094093
274,18663,1612483200,664367.8521211615,1117545505.2453415,5920835879.399872,0,4045901803.520426,[],29257970
275,18664,1612569600,575457.4200379674,971622885.5105146,9550377689.759657,0,3944237958.111484,[],29412106
276,18665,1612656000,581242.7455441594,928875410.655699,5255752822.302178,0,3885341760.899308,[],29580665
277,18666,1612742400,635485.1712909631,1066804052.53552,11042514331.498714,0,4147174537.569692,[],29739615
278,18667,1612828800,603103.2408193417,1056728614.6111788,6998549064.772131,0,4234289476.072845,[],29898043
279,18668,1612915200,599942.6664029863,1059389630.2075903,10540577600.34907,0,4218766611.025725,[],30043673
280,18669,1613001600,521340.9360258746,922367831.9992104,5746319106.928506,0,4387993746.131364,[],30203827
281,18670,1613088000,575359.9455035792,1034077552.2141516,6585131934.047856,0,4483606496.141841,[],30380401
282,18671,1613174400,564760.9810597834,1026887020.3331748,6157329293.018219,0,4456485719.037843,[],30561585
283,18672,1613260800,543226.5040140031,989113608.4664427,10968030410.45503,0,4425859880.251319,[],30747923
284,18673,1613347200,652505.9902221952,1156696196.8735368,11291074801.486883,0,4386220400.474933,[],30920465
285,18674,1613433600,545480.3714093196,969910865.6147053,13767169097.730955,0,4442760967.0323105,[],31084793
286,18675,1613520000,606941.703567383,1093431735.9359024,11465042049.251453,0,4632472434.162284,[],31258008
287,18676,1613606400,578468.34818158,1103045386.420096,12298106109.819948,0,4747075522.049658,[],31420549
288,18677,1613692800,524356.7029681319,1014670568.2249204,7106390059.227736,0,4794719318.912735,[],31569047
289,18678,1613779200,634667.6848055938,1259519248.75083,13969147787.312815,0,4725472328.805264,[],31706253
290,18679,1613865600,503849.7831363688,978781666.3269792,7240907086.558882,0,4850807050.51592,[],31851052
291,18680,1613952000,838228.0703468173,1492567617.4947865,1554067975.8915937,0,4403776960.717334,[],31988200
292,18681,1614038400,1154377.9074619068,1766569766.416556,1820174642.270223,0,3953850431.836416,[],32099018
293,18682,1614124800,709303.0113655425,1159603530.7953217,1202095388.8764136,0,4180868242.483061,[],32236667
294,18683,1614211200,638008.9209058865,1019762419.4976058,6720276692.447381,0,3942072999.955464,[],32380361
295,18684,1614297600,697917.1280639444,1032715140.1907713,5629487501.145155,0,3812430024.0354657,[],32512782
296,18685,1614384000,504157.36668282154,748422479.8133875,18933469557.48795,0,3907392661.209706,[],32642765
297,18686,1614470400,712751.6751409646,977896476.632577,9827756626.8722,0,3811788135.6169934,[],32781206
298,18687,1614556800,552566.0820821576,827937061.6175292,14626812395.156336,0,4143005177.45272,[],32920977
299,18688,1614643200,526823.0895793648,810078202.4925747,10546973789.388048,0,3999833018.032124,[],33055445
300,18689,1614729600,535612.0313459508,847889645.5943688,10457308171.821947,0,4153856227.701264,[],33199662
301,18690,1614816000,527283.5276617506,821780624.5102056,13626855776.902643,0,4096461418.1412334,[],33346078
302,18691,1614902400,630877.9233589107,939288740.5991186,12335020604.961475,0,4096006783.032135,[],33518652
303,18692,1614988800,479318.24448394566,757560680.5420877,13776244856.180454,0,4323320214.872165,[],33676194
304,18693,1615075200,666186.6723603822,1110417162.3002825,10616399984.19738,0,4478330360.823816,[],33842832
305,18694,1615161600,647660.1239837569,1124796883.9546568,12865507549.517181,0,4698376517.8980255,[],34011600
306,18695,1615248000,615690.868990602,1124265745.7598104,856517606422027.0,0,4829860155.022729,[],34181240
307,18696,1615334400,531396.1952628613,967509358.2055476,15164493238.525564,0,4662662471.126808,[],34341168
308,18697,1615420800,551722.6392620563,988538426.8044691,7959138633.025974,0,4766092433.47124,[],34500654
309,18698,1615507200,620880.44381944,1104978110.309625,9314960773.306501,0,4720253398.708225,[],34670061
310,18699,1615593600,563467.799826732,1039593018.4535408,8290694535.369952,0,5086860988.954029,[],34837295
311,18700,1615680000,545702.2257964676,1026368981.0926912,9377691725.304417,0,5005650195.332964,[],35022671
312,18701,1615766400,609063.1245366769,1097466084.493312,1164814583.1814847,0,4896927654.634719,[],35205701
313,18702,1615852800,562207.3890335037,1000312732.8147656,1074421543.1921825,0,4982917375.282432,[],35384951
314,18703,1615939200,552362.4004718304,985825734.7525507,9517783728.098326,0,5038638537.207153,[],35558761
315,18704,1616025600,495432.6173606813,896049632.7668993,9207129685.912163,0,4946613049.872972,[],35722285
316,18705,1616112000,571496.0347311817,1030755375.1074857,1093567250.5400789,0,5053129188.300841,[],35900042
317,18706,1616198400,515162.81990045775,944398649.9028873,9470008924.130844,0,5055926424.188147,[],36078785
318,18707,1616284800,472131.2048079417,842716716.3210973,899403173.2684584,0,4991189163.365143,[],36247270
319,18708,1616371200,740041.3201268556,1300195827.2195413,27621020855.475906,0,4774825056.755096,[],36436198
320,18709,1616457600,636095.4040298951,1076011539.8003151,1137572385.0418365,0,4666487179.234499,[],36614063
321,18710,1616544000,746533.2586102363,1244106730.2544465,20014247061.045155,0,4516710167.143816,[],36800176
322,18711,1616630400,659966.3114091889,1049626191.5142348,8807476578.986794,0,4490042420.361983,[],36965582
323,18712,1616716800,575363.0441663859,944524781.83799,9029743611.034567,0,4785148850.465424,[],37140357
324,18713,1616803200,552421.810880349,938119515.5876544,29641478344.57928,0,4882944638.492705,[],37323857
325,18714,1616889600,949817.8437860968,1602178349.42168,14380720437.266705,0,4869783605.310674,[],37505793
326,18715,1616976000,3747044.2706699087,6667130809.439244,20065716502.081623,0,5120301840.238928,[],37687723
327,18716,1617062400,18550033.818928324,34093337679.98105,57735206451.53168,0,5173177104.718272,[],37872457
328,18717,1617148800,6675637.711160671,12234904607.743675,22857914650.919575,0,5296592411.02088,[],38054365
329,18718,1617235200,651741.8829734911,1263075970.674864,4544497122.345592,0,5375899242.849483,[],38243771
330,18719,1617321600,627195.2731254,1275450492.6046371,27503747258.15335,0,5668454876.095647,[],38412984
331,18720,1617408000,562624.4033429225,1172317171.785266,18343914808.141014,0,7885235381.344453,[],38571286
332,18721,1617494400,498321.3951295248,1021223940.357928,32706189167.30624,0,8145253639.6911955,[],38730416
333,18722,1617580800,570965.8750291129,1183603669.067171,26382093199.763885,0,8164705964.932845,[],38899142
334,18723,1617667200,586157.3018144858,1237448646.0277357,14665981773.809109,0,8178888711.8199215,[],39073503
335,18724,1617753600,725275.612316308,1461574835.1816523,17574531541.77135,0,7258062490.262432,[],39247471
336,18725,1617840000,545453.2620948696,1104790177.6633363,16700085734.2368,0,7647650700.979701,[],39414721
337,18726,1617926400,470754.919047444,976285840.4205236,7427585086.732861,0,7610137177.431904,[],39575216
338,18727,1618012800,481437.68549153535,1029644063.579091,18352388607.171875,0,7841848607.569242,[],39736536
339,18728,1618099200,434522.7616646444,929116027.2998979,32859093258.176735,0,7816437943.626619,[],39895703
340,18729,1618185600,496245.86654375895,1063587995.7099856,5849701130.962232,0,7800003100.1879,[],40049206
341,18730,1618272000,507513.7647193863,1132379521.3275225,7027066540.0532875,0,8144911910.281957,[],40203184
342,18731,1618358400,566039.401002529,1332403986.7712612,7030878735.957994,0,8403349462.320535,[],40362937
343,18732,1618444800,477639.18257309886,1175268718.8581607,9534164295.545822,0,8629893939.769444,[],40529470
344,18733,1618531200,572591.2726834107,1389109176.4148018,8821855733.478062,0,8415717661.61015,[],40704050
345,18734,1618617600,569276.5398636381,1377369656.516478,11902612881.139229,0,8153493368.664483,[],40914730
346,18735,1618704000,762178.933195925,1648924023.4300768,8162336777.332856,0,7820375366.979092,[],41101246
347,18736,1618790400,603889.2753634434,1329973041.1410103,6394591583.320392,0,7682726196.435129,[],41295498
348,18737,1618876800,808193.0344390189,1765660419.000281,5139221789.801617,0,8217889438.4807,[],41509213
349,18738,1618963200,623005.1899404705,1470119246.9761248,10623815097.166336,0,8356273715.670961,[],41722729
350,18739,1619049600,750055.5815251198,1859736172.755088,8771932973.589006,0,8373447383.900396,[],41927492
351,18740,1619136000,806968.5335057395,1828329145.5965648,8544020905.758598,0,8312331131.852077,[],42134663
352,18741,1619222400,433358.9400455786,977758005.2009629,4296786516.716889,0,7955635347.604629,[],42320142
353,18742,1619308800,409396.76926214696,925434520.7779298,7035274281.332713,0,8245599587.589493,[],42509363
354,18743,1619395200,478876.7651824415,1183227768.3572886,19394613674.30812,0,8853656592.70409,[],42703256
355,18744,1619481600,458906.786163267,1187693723.389454,9121678659.897335,0,9124827874.503405,[],42900878
356,18745,1619568000,478544.3970510037,1282093664.3806329,9467559633.095242,0,9346457489.610231,[],43097995
357,18746,1619654400,425531.26906069054,1163998528.1576705,10085818671.363684,0,7719645207.394812,[],43298235
358,18747,1619740800,413227.85773221566,1139388537.6520615,9203112969.810703,0,7794604178.092211,[],43514818
359,18748,1619827200,411283.5499427588,1180524186.5230298,43895296887.82406,0,8000520282.110372,[],43725522
360,18749,1619913600,572113.9432999125,1677915989.90037,12397534157.20218,0,7948000404.039653,[],43972061
361,18750,1620000000,561365.2841641414,1782629204.0729747,7313690901.972747,0,8722370384.815052,[],44185427
362,18751,1620086400,590217.6970465783,1973990385.5235336,13866443073.00704,0,8360304733.049441,[],44402258
363,18752,1620172800,455920.3310377856,1531093360.5443735,12715099675.700855,0,8697557401.602304,[],44613586
364,18753,1620259200,312815.9724414353,1090088313.0454557,5872895840.683013,0,8275682630.9361315,[],44778640
365,18754,1620345600,320581.9472360489,1115628421.6462913,11576005122.372908,0,8122170348.685261,[],44944527
366,18755,1620432000,723786.2548011446,2657886964.498631,14966214791.962679,0,8676870881.990372,[],45137696
367,18756,1620518400,544740.2613486167,2119009307.486873,13713099313.762363,0,8625025223.000439,[],45353489
368,18757,1620604800,752615.3393243515,3055529253.0924854,9897872123.07007,0,8494824189.328106,[],45573324
369,18758,1620691200,596836.4134327308,2373545790.473332,3795976666.833444,0,8868191595.671389,[],45816842
370,18759,1620777600,717475.3756352172,2995732783.01224,13992029821.209667,0,7940194742.750708,[],46045517
371,18760,1620864000,573876.9925440762,2179468709.220884,7715946719.398781,0,7783132736.148977,[],46224420
372,18761,1620950400,442835.01887091866,1752505251.2474673,33132148762718.047,0,8516190559.412376,[],46436557
373,18762,1621036800,405910.69440515304,1574936334.9445765,18495404856.027992,0,7696322217.110429,[],46664692
374,18763,1621123200,473403.8504577757,1715222900.9741273,16631927528.964787,0,7527171921.36983,[],46884646
375,18764,1621209600,514588.02548130264,1725647272.1040251,7809941135.520603,0,6869708921.731754,[],47087250
376,18765,1621296000,390126.84985717566,1331636767.611144,7724504517.65545,0,7008717749.5643835,[],47299859
377,18766,1621382400,1341553.504803668,3524570057.499798,9319189880.18668,0,5192147803.023361,[],47465673
378,18767,1621468800,722341.7943072611,1875778693.8611307,12643037341.142319,0,5710276475.822609,[],47630312
379,18768,1621555200,690924.2948236938,1727290717.4191406,11211988359.699455,0,5064917467.055247,[],47805424
380,18769,1621641600,458265.0165735462,1069963685.8034672,9127940543.922726,0,4834018036.633617,[],47973491
381,18770,1621728000,937321.1096546648,1877013763.887304,2031186348.8917592,0,4368203223.213433,[],48140381
382,18771,1621814400,537286.524400628,1276639516.8898852,12469384710.995924,0,5190848106.979813,[],48314817
383,18772,1621900800,416654.22703099315,1074072950.086986,11873332900.78734,0,5298002157.216984,[],48485893
384,18773,1621987200,424983.5866765711,1177111598.7265248,2171216198.6700296,0,5529044381.371893,[],48655344
385,18774,1622073600,280293.9572105384,773884995.9397459,2079331973.2889647,0,5302779660.923378,[],48825809
386,18775,1622160000,381440.89368308894,967889560.2937777,1432906470.9502928,0,4804854428.296757,[],49020529
387,18776,1622246400,350637.95702351414,833994388.6085259,2017913948.9939165,0,4575336305.353267,[],49220411
388,18777,1622332800,263043.5775074986,622475805.1393834,1752208821.3024628,0,4693607802.027921,[],49419284
389,18778,1622419200,258958.69925569688,648188916.0874928,1534440978.9272025,0,5067465193.273349,[],49605611
390,18779,1622505600,272988.9457416047,709805774.3206433,110716417120.64128,0,4925351311.711656,[],49783066
391,18780,1622592000,220810.06340409513,596507453.5635204,1963583942.82822,0,5045268994.679977,[],49961242
392,18781,1622678400,245149.8893598634,686388193.9391124,1726647156.6535325,0,5206833757.906243,[],50151537
393,18782,1622764800,271967.0400850139,728771246.0690032,1718020447.2772777,0,4921954455.066336,[],50327018
394,18783,1622851200,183357.51776584977,491179775.48011845,1479242658.79405,0,4815177932.033269,[],50496206
395,18784,1622937600,120070.61406699136,323019504.6196904,1827711857.368728,0,4910806224.659428,[],50656673
396,18785,1623024000,199020.4288700652,543104827.9274232,1980412550.1063664,0,4670319538.062396,[],50835699
397,18786,1623110400,267513.4844144545,662267425.6609443,1559796898.29352,0,4515465403.608431,[],51006985
398,18787,1623196800,226668.71755374596,574157537.3903654,1443258626.2780263,0,4646634617.536622,[],51181107
399,18788,1623283200,207018.31964349168,521818405.7454554,1872846200.426098,0,4441581378.626384,[],51348759
400,18789,1623369600,235120.60755716095,569534536.665636,1916690811.1767628,0,4249261174.076064,[],51518092
401,18790,1623456000,214655.2902472856,506138102.2622793,1351402590.6809936,0,4241303768.01874,[],51689232
402,18791,1623542400,158021.48120810493,380063874.1037518,1254285505.471722,0,4446251747.522393,[],51841310
403,18792,1623628800,163324.051333033,413321969.78043795,1774412941.9705036,0,4536622086.034847,[],51998795
404,18793,1623715200,158859.8125144389,408974317.7721095,1879127625.2391016,0,4490613327.57994,[],52160112
405,18794,1623801600,173763.7535695815,426868309.8161018,1353987910.0215952,0,4246586157.829313,[],52313880
406,18795,1623888000,219603.1802493518,522557846.5953094,1428204491.8121207,0,4286574236.6361146,[],52474729
407,18796,1623974400,206666.61609536965,466861223.5701279,1715544612.933987,0,4045216264.778923,[],52622645
408,18797,1624060800,156725.41727603017,348927299.6711924,1527439934.2990203,0,3938895447.010089,[],52781292
409,18798,1624147200,156627.10231924412,337016984.94018793,1087568042.403192,0,4006534420.360964,[],52929151
410,18799,1624233600,340695.1890980224,677638645.7135351,1517747857.277446,0,3389047276.981716,[],53070884
411,18800,1624320000,358839.6346114168,670325650.6401776,1859178675.260825,0,3389445403.733311,[],53215375
412,18801,1624406400,212187.53349526852,418582621.5689663,1627391268.0583549,0,3544701142.2368283,[],53346958
413,18802,1624492800,169047.7810928888,332133831.3924178,1415433477.4760473,0,3769189364.074009,[],53484132
414,18803,1624579200,206562.14306148447,389206258.8625555,1078656954.592203,0,3451086244.744113,[],53624241
415,18804,1624665600,179023.3815403252,318558548.9324345,1053272060.8514051,0,3483834255.6080527,[],53751279
416,18805,1624752000,153333.15432717613,284911279.27688384,1001728674.0966262,0,3651320751.3952384,[],53869726
417,18806,1624838400,412851.9918121164,833770839.0200658,1094368215200.0804,0,3780558811.4733095,[],53999700
418,18807,1624924800,166686.45846060885,361672572.2173334,4467829592.603151,0,3895229239.210098,[],54132271
419,18808,1625011200,172434.83312518586,373492538.1482403,1019459689.5373708,0,4021312514.227541,[],54256388
420,18809,1625097600,454797.25265540386,990310718.5880355,508871195140.60583,0,3827821903.9643407,[],54399266
421,18810,1625184000,235746.36922957815,488416493.7729738,1020360504.5359617,0,3844450677.9430447,[],54534958
422,18811,1625270400,148523.75216354936,325457190.8123842,1429989048.233408,0,3892223765.74744,[],54679561
423,18812,1625356800,205464.67995963793,476384162.9883829,1390363978815.714,0,4007644830.5955114,[],54815722
424,18813,1625443200,132897.63179649576,298254408.79089755,1567127402.4559584,0,3862732116.64805,[],54943412
425,18814,1625529600,142466.76864144736,326821682.62699425,2167251372.683426,0,4012073348.618324,[],55038166
426,18815,1625616000,120135.6481544738,283166378.1014297,1.2788641719851884e+18,0,3992139330.6093297,[],55135516
427,18816,1625702400,142610.93521558554,311860008.2217735,1955102513.4520092,0,3697829404.143699,[],55235070
428,18817,1625788800,193274.50449560676,408314875.90102154,664437867516.151,0,3736785052.3408256,[],55334526
429,18818,1625875200,104525.7207675488,221476129.8597691,16902752264.279802,0,3679593312.971672,[],55438784
430,18819,1625961600,76856.43426993229,163402075.16223156,742420908.8397653,0,3720023592.7209888,[],55535366
431,18820,1626048000,91952.31961509354,191708274.30102575,34063013347.754135,0,3525488438.286856,[],55627575
432,18821,1626134400,118370.51436583028,234926305.2952192,331505123.38335574,0,3416176390.1993184,[],55722771
433,18822,1626220800,159410.03299737792,310001532.6991305,2590093981.4732046,0,3475086991.878352,[],55829823
434,18823,1626307200,189386.33365254285,366881359.95867777,1551893774.7220094,0,3405749802.954573,[],55946477
435,18824,1626393600,134180.3874838044,255679653.9664684,845289309.3616226,0,3328815493.8877325,[],56042355
436,18825,1626480000,103513.23121690033,194998934.78296977,1210811947785382.5,0,3310612403.788291,[],56134224
437,18826,1626566400,166191.59806332883,323962747.36161035,1123959572157.0747,0,3295445293.4617734,[],56218755
438,18827,1626652800,106040.85540661552,195770889.5552731,948548549.0684109,0,3173747125.822976,[],56317484
439,18828,1626739200,228884.28937395976,405164808.3633044,995491594.640868,0,3109473118.6957846,[],56413901
440,18829,1626825600,161576.06798593563,303787204.3301316,1006016482.9933383,0,3394079936.8825264,[],56511920
441,18830,1626912000,101589.47062035499,203054260.8487174,992723948.6393677,0,3443314532.6111264,[],56603519
442,18831,1626998400,110689.59209746183,227306935.4239927,1074056327.5940998,0,3577214965.9647923,[],56702735
443,18832,1627084800,125746.770587963,270180310.6239925,1077767885.4938731,0,3639289665.6261854,[],56823244
444,18833,1627171200,127639.20844050086,275125531.405331,1232038718.885456,0,3661703851.465569,[],56941412
445,18834,1627257600,289795.3655264757,671517732.0528922,2956662100.868612,0,3691811944.300156,[],57062421
446,18835,1627344000,125757.84062319332,281326774.7288053,2163442754.726041,0,3768668031.7010274,[],57157573
447,18836,1627430400,125390.8134968622,287947975.6813678,483960754.1912116,0,3770830642.332742,[],57257842
448,18837,1627516800,141160.7487055718,326148576.4340045,1635801864.632413,0,3881691334.329191,[],57379293
449,18838,1627603200,164437.7462262131,392982324.50384694,471137527.65366703,0,3983732350.371748,[],57500555
450,18839,1627689600,123572.75938714277,304884125.5378312,1685965935.4889917,0,4055276767.1178513,[],57622343
451,18840,1627776000,138130.74553936863,358508601.30191773,417602361.88791376,0,4050426331.3143625,[],57732352
452,18841,1627862400,114106.56246509412,296223140.6489383,31276079593.1196,0,4055545173.419377,[],57829154
453,18842,1627948800,128740.30817699844,322606640.7893939,562427342.607368,0,3904623226.6703863,[],57927224
454,18843,1628035200,126666.62387982974,328737239.94938815,501055618.7091061,0,4101692411.880135,[],58027891
455,18844,1628121600,133981.11039739224,363467874.4441621,425587281.67072976,0,4212413576.867764,[],58117309
456,18845,1628208000,106331.44024960742,300085292.18546695,363642891.615005,0,4270294165.765669,[],58203041
457,18846,1628294400,126659.5624032786,384555327.4547941,444540842.91147375,0,4550768082.344376,[],58289481
458,18847,1628380800,173179.14767116593,533672388.2902205,764102765.1634746,0,4362010735.165684,[],58369865
459,18848,1628467200,138034.5397989632,423834252.1987859,572166347.9861549,0,4518214534.810834,[],58445533
460,18849,1628553600,116565.1014579794,365248977.6995319,588389629.1424036,0,4505355072.897725,[],58526505
461,18850,1628640000,127588.9677765251,410017136.69225645,559814098.2778778,0,4565071085.896852,[],58617654
462,18851,1628726400,117231.43505843513,364150634.65715355,629265355.9493049,0,4409759766.437952,[],58701653
463,18852,1628812800,104324.10564669948,334131324.9843665,398762966.0590124,0,4708227845.684577,[],58781320
464,18853,1628899200,89812.39165680924,293804390.2351152,618854398.4707953,0,4691483309.568064,[],58857750
465,18854,1628985600,87860.17572289011,281741240.182376,446037710.896524,0,4653192471.360848,[],58933686
466,18855,1629072000,128127.1296454444,415219988.60314655,819726093.5968435,0,4475633315.944039,[],59015841
467,18856,1629158400,168007.56063876752,529245205.77086854,830979528.0974771,0,4311319013.586931,[],59109032
468,18857,1629244800,160779.9386927858,489235632.8039736,622977954.4382704,0,4338016533.874844,[],59203893
469,18858,1629331200,144098.015828403,438972845.3362318,625421629.156773,0,4306179572.794268,[],59304609
470,18859,1629417600,140948.65937007644,456916587.46279216,720893879.347925,0,4395267653.461293,[],59409857
471,18860,1629504000,100650.11973915748,328819231.1638949,459004607.74898976,0,4337281586.307992,[],59501580
472,18861,1629590400,103236.33135107125,331515259.48329425,9357248374.376783,0,4342417889.983279,[],59594917
473,18862,1629676800,140500.07185296473,466991410.54539526,1359572760.565334,0,4418996638.308159,[],59693405
474,18863,1629763200,223627.10996048857,735370742.0313745,2449791062.6333175,0,4280172621.860084,[],59779651
475,18864,1629849600,137295.43435139285,437429137.2165711,39468848644.01955,0,4343062434.472775,[],59856647
476,18865,1629936000,158147.71625270296,494706279.75150955,885858392.0399607,0,4214945357.603738,[],59941412
477,18866,1630022400,116150.01713832084,367741693.4703094,982174006.3491356,0,4416799826.795547,[],60005741
478,18867,1630108800,100567.58251622516,326076289.4121129,593678941.4449948,0,4374900800.101892,[],60074656
479,18868,1630195200,108069.27410602877,346814551.99225026,602134347.5851644,0,4361266992.595056,[],60141395
480,18869,1630281600,182591.0854247628,584289752.1182805,748081601.6318628,0,4309069935.779951,[],60206704
481,18870,1630368000,133185.83699295265,445869341.76612645,1163206732.658882,0,4484909455.774808,[],60272276
482,18871,1630454400,134564.12056965334,481973947.463578,796689751.8123002,0,4820620431.113253,[],60332992
483,18872,1630540800,96015.64830685343,362340432.8482904,429114467.96526927,0,4788223613.692529,[],60392344
484,18873,1630627200,100481.25711397712,391393120.24131054,491210771.3427769,0,4876095254.983063,[],60442222
485,18874,1630713600,98864.8726980163,385935115.4981047,771923435.5689663,0,4840411590.025577,[],60497494
486,18875,1630800000,84039.70408073181,329012380.4747712,541947330.9388309,0,4908848720.360157,[],60552671
487,18876,1630886400,103415.07800352797,406435069.67390025,855815075.5646,0,4848816420.997462,[],60614494
488,18877,1630972800,202031.27454835287,722210268.6806219,925628950.4620925,0,4344415938.406394,[],60683392
489,18878,1631059200,158411.69309298895,541483593.5815138,980770125.2282457,0,4371003735.202788,[],60741681
490,18879,1631145600,124253.89937828288,433675594.1660449,4338968266.41592,0,4322207404.677505,[],60801436
491,18880,1631232000,164719.288865007,550399717.3484745,1522947341.3522356,0,4108281988.3311367,[],60873904
492,18881,1631318400,123597.56796448569,405657268.6374849,882934043.5448039,0,4175375002.6254406,[],60947901
493,18882,1631404800,108018.14310616437,364430861.5909808,1708029979.4017074,0,4306497452.506007,[],61017414
494,18883,1631491200,135881.10292891643,441711215.5200506,5477981370.253665,0,4160395036.6703625,[],61086931
495,18884,1631577600,117909.22978991036,393502283.1679326,9727936239.626814,0,4313156843.982925,[],61161244
496,18885,1631664000,119590.4613759342,414221190.1994425,69838555986.50641,0,4496688255.135975,[],61236462
497,18886,1631750400,118708.1288802436,426619748.0206759,1778795659.3457944,0,4454261310.417241,[],61309778
498,18887,1631836800,106960.08274661448,371494045.12980783,1014893365.1056072,0,4266810494.082401,[],61375453
499,18888,1631923200,94866.64452583832,328256465.21745133,947410703.2306173,0,4327131102.392921,[],61450290
500,18889,1632009600,109712.50290202435,370642439.5800016,1822879948.5562608,0,4216080015.576524,[],61522322
501,18890,1632096000,176340.5907296842,547307870.4733738,2880436145.461372,0,3810320223.329071,[],61597198
502,18891,1632182400,187454.2899642338,547724426.9920207,827984784.5231107,0,3582756864.387473,[],61661392
503,18892,1632268800,126801.56230410992,373234289.6695136,702321338.2996782,0,3906425681.9265823,[],61732141
504,18893,1632355200,98680.76301485853,307109364.31904626,7238936198.972966,0,3998191248.876641,[],61799711
505,18894,1632441600,131271.95916718763,384721669.4412221,586487604.7613603,0,3753746126.76249,[],61865085
506,18895,1632528000,96328.77811246701,280175665.123273,835659431.6166395,0,3763294696.779988,[],61927854
507,18896,1632614400,148295.6763273854,438041034.59977967,31718972665.439384,0,3878976883.2405386,[],61992894
508,18897,1632700800,108105.04834317294,331180501.39973825,437847039.79427725,0,3753823006.062524,[],62054260
509,18898,1632787200,108006.62589925031,311951480.89210063,472035668.4980468,0,3622137423.826196,[],62115568
510,18899,1632873600,113168.94952312006,324673805.6790589,721966561.4322131,0,3667505769.688031,[],62184891
511,18900,1632960000,106400.973970211,317676066.8761672,445126265.4880168,0,3819088467.2257223,[],62248702
512,18901,1633046400,101710.56931222937,323489622.1558896,446912500.40142,0,4139758803.343405,[],62309194
513,18902,1633132800,86364.33027616794,288624039.05488485,473091050.071485,0,4222066920.1790223,[],62375155
514,18903,1633219200,72413.1809521945,247305147.09727445,1439387457.0215847,0,4253689393.003409,[],62439936
515,18904,1633305600,99403.01318965101,334306845.9695933,10956309884.497066,0,4220341637.7962904,[],62498719
516,18905,1633392000,109091.52883354475,374861822.95413,545039129.9159882,0,4348226985.744764,[],62561418
517,18906,1633478400,122331.64850404412,430296701.4691096,4489882993.2883625,0,4417900814.084472,[],62622282
518,18907,1633564800,161012.18982927108,573822844.453544,702818917.2383193,0,4414049163.452704,[],62690728
519,18908,1633651200,91613.55395227784,330123957.925563,1532855521.3292437,0,4373102843.522632,[],62749596
520,18909,1633737600,77795.44486169459,279173938.7442679,1869458883.8669343,0,4383455950.970125,[],62817843
521,18910,1633824000,96954.58061646564,342605941.4406586,423720586.612416,0,4215803511.224407,[],62889325
522,18911,1633910400,115566.12941221493,408596847.52638686,579948907.8190541,0,4292091839.139589,[],62959183
523,18912,1633996800,122819.64780653948,427746402.51969427,733292202.963393,0,4258915651.2938175,[],63038513
524,18913,1634083200,127608.64735143124,446959813.3350348,944111575.7040426,0,4369564671.574279,[],63119552
525,18914,1634169600,129351.09222539134,480935647.2958821,850123715.6141444,0,4521526940.635145,[],63197461
526,18915,1634256000,146339.23566734427,557225332.0799496,953696555.5484774,0,4556535676.106107,[],63269013
527,18916,1634342400,101149.36669516229,392010720.6977782,2450885138.9223685,0,4552109175.622836,[],63351991
528,18917,1634428800,102635.66686290374,392995222.91146225,568513453.2036581,0,4561199562.874939,[],63434529
529,18918,1634515200,98890.69456396956,374650495.71075577,628964451.4565552,0,4458857947.054495,[],63521261
530,18919,1634601600,122322.41074651603,466022047.72952634,750927204.4166794,0,4585873927.512574,[],63622949
531,18920,1634688000,106679.04400993236,423771062.36627096,589364688.06656,0,4787699880.598021,[],63724196
532,18921,1634774400,131775.59000407663,548663484.2780583,791824084.5693948,0,4671385649.617065,[],63814860
533,18922,1634860800,106486.77459781917,430751918.4355721,738414865.0130057,0,4605592811.158199,[],63915433
534,18923,1634947200,96763.40343661811,391924968.5580111,4000793580.284249,0,4767683455.204049,[],64028302
535,18924,1635033600,117522.95877606484,477999537.8798504,5191176825.443289,0,4689140134.806657,[],64154557
536,18925,1635120000,137676.87682993975,571765347.41674,1813881142.7690876,0,4829306907.634264,[],64283633
537,18926,1635206400,160918.25298061542,676101765.3413736,1165989552.7149491,0,4802735849.181379,[],64419922
538,18927,1635292800,205781.17028618124,834338231.4349319,1286432053.223508,0,4595172266.509094,[],64542665
539,18928,1635379200,209449.90891087917,862628618.4079335,951065379.3731776,0,4949929033.135205,[],64681337
540,18929,1635465600,228435.38109844248,996824771.9616864,1703254971.9051692,0,5114143554.247793,[],64832005
541,18930,1635552000,258071.5961182537,1115460903.112316,1534993490.2228112,0,5058282296.863308,[],64998059
542,18931,1635638400,212801.057846794,912225770.0747488,1274895334.52121,0,5058791263.825376,[],65141533
543,18932,1635724800,182652.63918606096,786515588.2945522,1122849814.1716678,0,5103568588.971993,[],65269133
544,18933,1635811200,226939.56657652112,1008825338.1838064,1435933807.1296475,0,5376678322.506283,[],65407215
545,18934,1635897600,202887.27233891457,928672466.9152787,2627158626.5025024,0,5365660550.080035,[],65543013
546,18935,1635984000,185717.71083610217,839947805.7075808,2068985104.9522784,0,5277776770.525189,[],65664802
547,18936,1636070400,195388.77050564595,879387898.7218177,14828001918.849596,0,5257994498.927045,[],65788692
548,18937,1636156800,145896.18490870137,649689589.4832493,14907129078.194693,0,5349829156.776455,[],65914831
549,18938,1636243200,151437.73167413307,694037105.2388601,1836839080.1095445,0,5422492282.395,[],66052156
550,18939,1636329600,166756.63975285072,790683547.0833888,2273252927.047289,0,5621325384.662112,[],66184411
551,18940,1636416000,154034.3569938652,737380959.3346435,1416412409.7160883,0,5514815541.613294,[],66286035
552,18941,1636502400,189154.6577949484,893581101.6577039,1605613782.086568,0,5561346951.435586,[],66401123
553,18942,1636588800,265136.71061003895,1243518842.9513717,2284951329.0699496,0,5749493113.939741,[],66554388
554,18943,1636675200,202889.2250641527,948290036.7796128,1544572333.0789473,0,5709543017.439452,[],66724462
555,18944,1636761600,176107.16106256345,818425106.729393,937927541.3165486,0,5725976377.051841,[],66866685
556,18945,1636848000,177961.73953811193,819392095.0365245,1334779749.02648,0,5725367202.761668,[],67005127
557,18946,1636934400,155743.54784162907,725330023.9443727,2418982346.378696,0,5675106959.541202,[],67114358
558,18947,1637020800,195554.62456114704,841975175.1580426,3785419853.8974257,0,5345218534.852487,[],67218166
559,18948,1637107200,174135.2263439819,731137850.3025341,2122660181.816674,0,5459919905.578801,[],67316741
560,18949,1637193600,236009.89489452625,983528835.5970862,5925976637.71943,0,5061509633.14932,[],67426130
561,18950,1637280000,152855.366070682,635302193.0670608,13115523896.253712,0,5413167241.058713,[],67529656
562,18951,1637366400,122751.50131187167,529792830.89003205,1128164893.3107781,0,5532541790.055347,[],67630683
563,18952,1637452800,144967.82223191485,631782255.9510436,1681794647.7856958,0,5367034616.268788,[],67738877
564,18953,1637539200,146503.96195828865,612108784.7216887,16160919434.118116,0,5197622845.763706,[],67825267
565,18954,1637625600,154108.8899493095,651937930.4047184,1260397078.1435828,0,5453667329.806116,[],67921738
566,18955,1637712000,179412.101366202,764290739.1492428,1364972480.38768,0,5378502743.705266,[],68026998
567,18956,1637798400,185243.15252224889,814968965.9626323,7578211371.484206,0,5650710376.15488,[],68134225
568,18957,1637884800,233532.0357984173,983025533.5758064,4438193414.342352,0,5141945483.329664,[],68230280
569,18958,1637971200,151344.80918388575,623127927.8067968,160922947071.09232,0,5227756866.569548,[],68318693
570,18959,1638057600,144252.69433578843,589691171.4726063,3071927765.5463653,0,5432557243.306105,[],68399247
571,18960,1638144000,131919.65848075663,575387228.6913353,2229856165.317341,0,5656979366.22982,[],68482888
572,18961,1638230400,142886.7778876361,649202326.1880642,1951739894.4933257,0,5817840881.959672,[],68573576
573,18962,1638316800,119847.41303447704,562147576.0546165,2023380603.0143628,0,5709170992.932688,[],68652798
574,18963,1638403200,132044.90048403665,598378668.7919081,15533228175.772905,0,5661156241.326281,[],68730029
575,18964,1638489600,119325.49127525064,527582984.4400437,1671917788.837076,0,5349462156.388674,[],68804378
576,18965,1638576000,222930.45027505184,883162974.3161801,1487520653.9959507,0,5154947379.863086,[],68876167
577,18966,1638662400,124083.09849131171,513993535.7096067,1366505728.6341834,0,5151479467.71162,[],68940894
578,18967,1638748800,164195.13997203571,676265624.5965917,5207164176.578062,0,5271875555.187402,[],69018612
579,18968,1638835200,103959.63270464526,451940100.71509135,2354982626.445776,0,5226973947.212117,[],69084829
580,18969,1638921600,100678.6914985914,438058417.0698871,7210373339.711494,0,5338830915.878431,[],69156411
581,18970,1639008000,111653.55906414092,476001282.50479734,1417985672.8525329,0,4744224419.991421,[],69240882
582,18971,1639094400,114616.17985120752,466436761.4479853,824380576.8837768,0,4514865583.040588,[],69332457
583,18972,1639180800,82752.75706525236,331818723.1470837,530577063.23266226,0,4672966918.770754,[],69413100
584,18973,1639267200,70371.30548127748,286456126.83103824,2152974651.8670287,0,4682141822.22256,[],69485031
585,18974,1639353600,109739.75557287184,426905580.27804834,568148949.2944475,0,4290450101.739251,[],69555027
586,18975,1639440000,99295.0843222051,376947266.3622861,2486910880.7976484,0,4361496140.311106,[],69623884
587,18976,1639526400,103956.47847305256,401528347.6190749,514792926.7105,0,4523685564.820317,[],69697188
588,18977,1639612800,71912.29705251014,290207044.63552487,794032396.0472893,0,4506718117.5218115,[],69758897
589,18978,1639699200,93274.85903572531,361637441.9187146,553928574.949084,0,4389424002.44745,[],69834586
590,18979,1639785600,80046.48736228206,313642267.86340827,435851341.9146968,0,4464200048.180733,[],69913029
591,18980,1639872000,88673.17103451931,349774289.7633208,66713463210.75271,0,4404855290.650837,[],70006387
592,18981,1639958400,92533.06892781753,357150823.04568225,808200716.0937263,0,4425671682.494921,[],70103261
593,18982,1640044800,102919.71543011612,410424683.9611729,579414955.8535836,0,4540720703.524757,[],70196022
594,18983,1640131200,105373.97759948134,422693934.9345787,783086254.3835595,0,4522056454.72281,[],70282335
595,18984,1640217600,100895.29151461102,402915243.3785705,1228221117.57204,0,4666934589.224303,[],70364229
596,18985,1640304000,86290.26283212003,352953759.7361196,794483455.8107615,0,4672352851.088322,[],70443993
597,18986,1640390400,67244.1190088076,273684075.977448,2323719718.2736597,0,4741669010.9663,[],70520243
598,18987,1640476800,70844.68452836461,287470528.79514956,1855892185.099913,0,4717645661.466709,[],70594656
599,18988,1640563200,92365.99615885428,376638733.31139064,13497900472.142267,0,4708786250.75488,[],70677513
600,18989,1640649600,99407.03264299037,386610529.16115177,2526469503.7481346,0,4400046085.601344,[],70755519
601,18990,1640736000,97127.39045710697,365531898.5365119,4007582327.725029,0,4207324190.756947,[],70835156
602,18991,1640822400,96705.86082751804,357866058.316797,4662808227.357872,0,4299992022.331872,[],70906289
603,18992,1640908800,111525.90077343376,416695147.1967757,46457122133.50679,0,4296911607.057153,[],70991115
604,18993,1640995200,87802.67119527125,327209519.6212848,4078592558.990495,0,4382960117.372108,[],71059119
605,18994,1641081600,80621.72091821725,303975753.1638782,572070425.3258913,0,4444865873.92928,[],71129819
606,18995,1641168000,104914.114786094,396817455.9214276,4093011979.642221,0,4400658219.812652,[],71199581
607,18996,1641254400,103858.16660468972,394176452.0868512,509133981.8813584,0,4417187534.674341,[],71268357
608,18997,1641340800,169787.49817071075,629356075.8016945,3716547770.549357,0,4175204859.197661,[],71342283
609,18998,1641427200,141570.31947582492,485262031.3922484,651117801.2815635,0,4122215874.919757,[],71408276
610,18999,1641513600,176127.31052069605,565679733.5226703,855383171.8969536,0,3858489838.37943,[],71470799
611,19000,1641600000,117828.36627609054,369329117.4788763,1339472460.0495036,0,3748206285.2348657,[],71530050
612,19001,1641686400,79774.1483873969,250290517.72455317,402383976.617796,0,3824417069.2499647,[],71574777
613,19002,1641772800,135039.78845357057,413784518.6691655,739132530.1312654,0,3759715571.126689,[],71632829
614,19003,1641859200,120782.00406285917,381896555.34375846,921196577.5171916,0,3945516605.0260224,[],71694896
615,19004,1641945600,124896.80525661245,412592501.8342413,657686642.9732928,0,4060779034.8369455,[],71752021
616,19005,1642032000,106866.47159689075,354999007.4391282,5009477368.505863,0,3898008981.833768,[],71804548
617,19006,1642118400,111493.54752901592,364483495.020821,649228391.9055259,0,3970158903.7536306,[],71867439
618,19007,1642204800,83983.40103057743,279345227.299832,385862125.79219234,0,4006193339.2690854,[],71921301
619,19008,1642291200,84648.26528336287,282140735.31204796,645251519.315627,0,4028900280.278178,[],71973557
620,19009,1642377600,105674.6048438583,343340074.362019,1220742896.3355303,0,3868387810.0543246,[],72026999
621,19010,1642464000,106601.3112721233,336192997.4781561,1810557700.2596624,0,3811636080.876735,[],72083781
622,19011,1642550400,107810.6418092984,336049119.5076148,537259747.7815901,0,3735484450.3642974,[],72144747
623,19012,1642636800,117440.6356380796,369342022.16058433,935753385.5078036,0,3627027666.431658,[],72204505
624,19013,1642723200,276188.13648226694,761299674.7703769,2900421325.483957,0,3164715004.8945184,[],72266542
625,19014,1642809600,287632.1143093397,705304449.7043841,1395274602.5545835,0,2924762118.670494,[],72329379
626,19015,1642896000,105748.06160044146,260517162.64671585,424249896.0197308,0,3022891446.575513,[],72376624
627,19016,1642982400,206257.6717762524,476527122.9027381,3565090832.960363,0,2895662953.868013,[],72428479
628,19017,1643068800,103406.3400005172,250717563.07870215,390012356.26339865,0,2928531134.603901,[],72475798
629,19018,1643155200,131739.978529938,334009616.3833716,654695849.8407081,0,2933780061.5495987,[],72530679
630,19019,1643241600,104010.3103402865,251329885.3988146,381265938.7934627,0,2882904387.6612115,[],72571958
631,19020,1643328000,99029.93426006462,242170328.04593605,1375144728.1602995,0,2910436109.193171,[],72618418
632,19021,1643414400,84223.56589661821,216245672.7066558,302456841.3671377,0,2928724849.347714,[],72665000
633,19022,1643500800,74874.78293495117,194388362.96042633,640087855.6330796,0,2930928364.760253,[],72707260
634,19023,1643587200,82025.76157460872,212629563.4510236,493224843.0699591,0,3006095346.92394,[],72749287
635,19024,1643673600,94757.7743773089,260919165.38340095,387102664.8488573,0,3079376702.906785,[],72799669
636,19025,1643760000,94216.7685578154,256554458.72955525,561020619.9186056,0,2959915376.686788,[],72854721
637,19026,1643846400,74966.83828913927,198100519.4186072,24102267486.304005,0,2991484231.7096887,[],72904510
638,19027,1643932800,92399.34058120647,262498475.49552637,1091749374.4303088,0,3223502673.1569157,[],72964057
639,19028,1644019200,68125.64842024389,204977741.0727324,18722730396.035343,0,3241455649.1526055,[],73017612
640,19029,1644105600,74035.66980059636,222741021.35042837,355152403.40151334,0,3306954375.1165624,[],73074650
641,19030,1644192000,88943.19543494876,276601705.9633714,509384061.436052,0,3400761993.3645687,[],73131873
642,19031,1644278400,95430.68362297004,296890001.5948198,451595601.494059,0,3376365800.808467,[],73200285
643,19032,1644364800,91111.62876727624,287401429.8315732,382072066.78182733,0,3505897966.821272,[],73278855
644,19033,1644451200,101144.71011329876,322232794.4697637,544850757.4106513,0,3318579132.409253,[],73342596
645,19034,1644537600,105061.52005310646,317981070.0418961,507323102.130228,0,3121149708.716405,[],73419424
646,19035,1644624000,74185.99552195818,216999373.2625428,530842500.46446645,0,3113706383.986789,[],73494816
647,19036,1644710400,56186.146413431874,163118955.73786697,18369114556.25805,0,3068346544.539332,[],73559009
648,19037,1644796800,75027.86398922256,217135928.83286825,267081220.3965893,0,3095660941.7170086,[],73616586
649,19038,1644883200,92942.81436998057,284958122.7140036,18538844889.374283,0,3312261790.813596,[],73682918
650,19039,1644969600,120211.5158682286,375848457.96152973,498904090.5088786,0,3259729348.6209702,[],73757441
651,19040,1645056000,118253.0649939668,355154714.8118168,632893991.3529073,0,3028504682.545574,[],73828441
652,19041,1645142400,104431.87164659576,299305635.52021205,2155845189.332031,0,2935615641.6325903,[],73896337
653,19042,1645228800,59604.67520772778,165283145.2201326,1629873860.454202,0,2914564399.6228967,[],73952830
654,19043,1645315200,74990.57734605993,199619718.4451217,603405608.9352938,0,2791532927.975863,[],74007639
655,19044,1645401600,85582.36452459347,228537847.29580325,256493050.69352183,0,2728670631.9846406,[],74056568
656,19045,1645488000,78675.68251230933,202556463.8544892,266924276.26763877,0,2766511638.2686286,[],74112692
657,19046,1645574400,57213.28740582821,152615364.70318133,231120552.70482403,0,2709569414.0792975,[],74167168
658,19047,1645660800,162999.60401746063,397541750.43992025,1513265952.0384707,0,2677949351.0976872,[],74235735
659,19048,1645747200,71932.53137294481,192802259.2828154,429232849.6693145,0,2797187333.5171094,[],74283777
660,19049,1645833600,56150.581214764396,156859299.19293803,231951433.59587383,0,2802903630.781622,[],74330753
661,19050,1645920000,62622.745821957375,170042049.07917985,200515326.44882324,0,2672697565.119395,[],74380615
662,19051,1646006400,63753.693041723505,173499341.68353456,381628183.4268133,0,2921279605.4324646,[],74427814
663,19052,1646092800,66250.49899477827,194814841.53122887,1606625333.67327,0,2954321848.762805,[],74482927
664,19053,1646179200,65552.92864900772,194770749.98691052,645318559.0661943,0,2943112751.2835484,[],74549641
665,19054,1646265600,57562.34869389089,165841946.24063545,886629722.1244231,0,2840799968.4526525,[],74621438
666,19055,1646352000,69587.29969339367,187632758.08167675,571173899.6581391,0,2653927149.0554614,[],74688383
667,19056,1646438400,53296.859587782514,140858051.6214358,370398498.8190297,0,2697879873.3064475,[],74758294
668,19057,1646524800,55362.54767826482,145454948.6536964,272738992.0384294,0,2597452691.3176336,[],74818979
669,19058,1646611200,69902.4242288336,177170782.8360259,1403290199.3575325,0,2542808637.2446275,[],74881964
670,19059,1646697600,63281.72998603327,162049563.4925092,208403859.0763235,0,2607812905.8017163,[],74955055
671,19060,1646784000,61340.67037415252,165832670.9470552,1393191555.0627177,0,2717800275.841631,[],75027202
672,19061,1646870400,49431.38328779288,129349432.61312155,353162390.5790966,0,2626050935.1378713,[],75090116
673,19062,1646956800,61910.67062487093,159861089.1030606,811750283.6583722,0,2576730939.322235,[],75155370
674,19063,1647043200,41015.88465502457,105983716.6343204,564451390.3511388,0,2584037927.2032685,[],75217016
675,19064,1647129600,46366.2793390524,119086406.78541651,740221204.3498315,0,2530018421.246676,[],75283462
676,19065,1647216000,49314.6856236596,126139561.64071757,548299848.95186,0,2583408011.6632643,[],75353380
677,19066,1647302400,61437.84271261003,157870977.15190172,1784491506.224205,0,2603296821.846317,[],75425189
678,19067,1647388800,59984.6027008268,161325640.19933295,588771566.9361893,0,2701820745.655802,[],75490497
679,19068,1647475200,61767.90355544171,172645930.14190328,880084484.5406022,0,2721319444.7371707,[],75557738
680,19069,1647561600,81140.03640525514,230544678.81633157,3133131528.851809,0,2789255045.051987,[],75623059
681,19070,1647648000,48348.59453952148,142743358.8524423,657973711.893103,0,2801419280.094028,[],75687987
682,19071,1647734400,47624.2171922137,137636056.11222073,2670085829.6470466,0,2739505441.591436,[],75749677
683,19072,1647820800,45312.59340598339,131248697.86433303,2139620185.0441592,0,2758794943.0105996,[],75815848
684,19073,1647907200,56295.09287832616,168412831.72574583,2749585497.1642666,0,2799250876.174271,[],75882935
685,19074,1647993600,50853.91952404263,151311004.56031966,519095924.88570774,0,2860078119.6792893,[],75945223
686,19075,1648080000,47359.48760769039,145365707.02101025,1360154208.5687125,0,2924261792.5040126,[],76006500
687,19076,1648166400,51079.805264000606,159879979.95951897,421952460.0458024,0,2907021438.1898055,[],76070091
688,19077,1648252800,44732.469414603314,139675406.1145729,1496712254.801432,0,2945779273.477226,[],76128316
689,19078,1648339200,34500.50185669637,108730671.23615834,217154496.48366416,0,2975807405.66956,[],76176519
